{
    "may": 0.2736,
    "june": 0.1412,
    "july": 0.1367,
    "august": 0.0912,
    "september": 0.2825,
    "mean_arrival_rate": 0.1622935,
    "max_arrival_rate": 0.4447835215743806
}